"Student_ID,Age,Gender,Education_Level,Course_Name,Time_Spent_on_Videos,Quiz_Attempts,Quiz_Scores,Forum_Participation,Assignment_Completion_Rate,Engagement_Level,Final_Exam_Score,Learning_Style,Feedback_Score,Dropout_Likelihood"
"S00001,15,Female,High School,Machine Learning,171,4,67,2,89,Medium,51,Visual,1,No"
"S00002,49,Male,Undergraduate,Python Basics,156,4,64,0,94,Medium,92,Reading/Writing,5,No"
"S00003,20,Female,Undergraduate,Python Basics,217,2,55,2,67,Medium,45,Reading/Writing,1,No"
"S00004,37,Female,Undergraduate,Data Science,489,1,65,43,60,High,59,Visual,4,No"
"S00005,34,Female,Postgraduate,Python Basics,496,3,59,34,88,Medium,93,Visual,3,No"
"S00006,34,Male,Undergraduate,Web Development,184,1,87,34,70,Medium,43,Visual,4,No"
"S00007,45,Male,High School,Cybersecurity,454,3,69,46,83,Low,37,Kinesthetic,5,No"
"S00008,47,Male,High School,Cybersecurity,425,2,62,23,52,High,35,Reading/Writing,5,No"
"S00009,48,Male,Undergraduate,Cybersecurity,359,1,59,10,88,Medium,49,Reading/Writing,2,No"
"S00010,45,Female,Undergraduate,Data Science,263,4,63,30,99,Low,61,Auditory,3,No"
"S00011,29,Male,Postgraduate,Data Science,247,1,80,42,85,High,46,Visual,3,No"
"S00012,48,Male,Undergraduate,Python Basics,25,1,77,36,58,High,83,Reading/Writing,4,No"
"S00013,35,Male,High School,Python Basics,190,2,97,4,50,Medium,55,Auditory,3,Yes"
"S00014,29,Female,Undergraduate,Machine Learning,240,2,97,31,99,Medium,61,Kinesthetic,3,No"
"S00015,16,Male,High School,Data Science,157,1,30,46,73,Medium,49,Auditory,4,No"
"S00016,44,Male,Postgraduate,Python Basics,312,4,53,21,90,High,78,Kinesthetic,4,No"
"S00017,37,Male,High School,Machine Learning,239,1,83,44,65,High,53,Auditory,2,No"
"S00018,24,Female,Undergraduate,Machine Learning,150,3,98,20,83,Medium,62,Kinesthetic,5,No"
"S00019,38,Female,Undergraduate,Web Development,297,4,30,42,42,Low,86,Visual,4,No"
"S00020,40,Male,High School,Cybersecurity,409,4,45,8,50,Low,37,Visual,4,No"
"S00021,48,Male,Undergraduate,Machine Learning,222,4,65,28,95,Medium,44,Visual,4,No"
"S00022,28,Male,Postgraduate,Cybersecurity,96,3,51,38,83,High,69,Auditory,3,No"
"S00023,24,Female,Postgraduate,Cybersecurity,338,2,32,15,54,Medium,93,Visual,3,No"
"S00024,28,Female,High School,Data Science,452,2,85,49,45,Medium,68,Visual,4,No"
"S00025,40,Male,Undergraduate,Web Development,295,2,84,42,95,Medium,36,Auditory,2,No"
"S00026,23,Male,High School,Data Science,371,1,67,46,79,Low,32,Auditory,5,No"
"S00027,30,Male,High School,Python Basics,309,4,54,39,59,Medium,90,Visual,2,Yes"
"S00028,26,Male,Postgraduate,Cybersecurity,484,2,59,15,89,Low,87,Visual,4,No"
"S00029,30,Female,Undergraduate,Cybersecurity,67,4,99,27,89,Low,50,Reading/Writing,3,No"
"S00030,44,Male,Undergraduate,Web Development,408,4,44,44,90,Medium,65,Kinesthetic,4,No"
"S00031,17,Female,Postgraduate,Machine Learning,276,2,94,31,61,Medium,62,Kinesthetic,3,No"
"S00032,42,Female,High School,Cybersecurity,74,1,89,31,86,High,55,Kinesthetic,3,No"
"S00033,30,Female,Undergraduate,Data Science,350,2,54,49,52,Low,79,Kinesthetic,4,No"
"S00034,25,Male,Postgraduate,Data Science,321,4,45,28,46,High,61,Visual,5,No"
"S00035,17,Other,Undergraduate,Web Development,83,4,46,11,44,High,88,Auditory,2,No"
"S00036,21,Male,High School,Python Basics,77,2,35,29,64,High,67,Reading/Writing,5,Yes"
"S00037,16,Female,High School,Python Basics,435,2,46,7,67,Low,95,Auditory,3,Yes"
"S00038,37,Female,High School,Python Basics,258,1,35,15,90,High,31,Kinesthetic,1,Yes"
"S00039,46,Female,Undergraduate,Web Development,227,3,52,3,88,Medium,52,Visual,2,No"
"S00040,47,Female,High School,Machine Learning,309,1,36,35,53,Medium,96,Visual,2,Yes"
"S00041,38,Female,Undergraduate,Web Development,138,3,72,5,87,Medium,87,Auditory,2,No"
"S00042,20,Female,Undergraduate,Web Development,66,2,53,19,79,High,68,Auditory,4,No"
"S00043,48,Male,Undergraduate,Data Science,314,3,77,3,53,High,69,Reading/Writing,3,No"
"S00044,28,Female,Postgraduate,Web Development,405,4,68,1,87,Medium,53,Reading/Writing,1,No"
"S00045,33,Female,Undergraduate,Cybersecurity,214,3,31,36,99,Low,64,Visual,4,Yes"
"S00046,38,Other,High School,Cybersecurity,350,1,79,41,67,High,96,Auditory,4,Yes"
"S00047,31,Male,High School,Machine Learning,143,1,70,0,93,Medium,86,Kinesthetic,5,No"
"S00048,47,Female,Postgraduate,Web Development,122,3,43,0,75,Medium,77,Auditory,5,No"
"S00049,18,Male,High School,Cybersecurity,10,1,91,19,50,Low,53,Visual,2,No"
"S00050,43,Male,High School,Data Science,246,4,73,30,86,Medium,95,Visual,3,No"
"S00051,45,Male,High School,Web Development,63,3,46,40,64,Low,77,Visual,1,Yes"
"S00052,34,Other,Undergraduate,Machine Learning,460,4,36,40,61,Medium,65,Visual,5,Yes"
"S00053,25,Male,Undergraduate,Python Basics,116,2,93,1,51,Low,66,Reading/Writing,1,No"
"S00054,46,Male,Undergraduate,Web Development,360,4,73,14,98,High,36,Kinesthetic,3,No"
"S00055,19,Male,High School,Data Science,353,3,94,0,99,High,32,Visual,1,No"
"S00056,42,Male,Postgraduate,Machine Learning,471,2,68,21,97,Medium,40,Visual,5,No"
"S00057,39,Male,Undergraduate,Web Development,391,1,92,20,42,Medium,58,Visual,4,No"
"S00058,32,Female,Undergraduate,Web Development,412,4,74,14,64,Medium,96,Kinesthetic,5,Yes"
"S00059,17,Female,Undergraduate,Data Science,212,4,65,18,40,Low,39,Reading/Writing,5,No"
"S00060,44,Female,High School,Data Science,147,2,34,3,48,Medium,76,Visual,4,No"
"S00061,42,Male,High School,Cybersecurity,388,2,62,21,65,Medium,98,Kinesthetic,5,No"
"S00062,26,Male,Postgraduate,Python Basics,316,1,32,19,62,Low,58,Kinesthetic,1,No"
"S00063,21,Female,Postgraduate,Web Development,415,1,94,39,91,High,34,Kinesthetic,2,No"
"S00064,20,Male,Undergraduate,Machine Learning,350,1,58,9,53,High,74,Visual,4,No"
"S00065,17,Female,Undergraduate,Data Science,279,2,40,13,70,High,53,Reading/Writing,2,No"
"S00066,49,Female,Undergraduate,Cybersecurity,376,1,84,46,70,Medium,37,Reading/Writing,4,No"
"S00067,16,Female,Postgraduate,Web Development,356,1,86,27,81,High,74,Kinesthetic,3,No"
"S00068,17,Female,Undergraduate,Machine Learning,133,1,57,19,74,Low,52,Visual,1,No"
"S00069,44,Male,Postgraduate,Cybersecurity,131,2,48,48,53,High,41,Reading/Writing,2,No"
"S00070,32,Female,Undergraduate,Python Basics,458,2,57,19,67,Medium,98,Auditory,1,No"
"S00071,20,Female,Undergraduate,Web Development,207,4,87,7,79,Medium,54,Reading/Writing,4,No"
"S00072,23,Female,Postgraduate,Data Science,136,4,61,41,55,Low,89,Reading/Writing,5,No"
"S00073,20,Male,Undergraduate,Python Basics,449,4,34,4,69,Low,38,Auditory,4,Yes"
"S00074,42,Female,Postgraduate,Web Development,433,2,31,19,41,Medium,49,Visual,4,Yes"
"S00075,44,Male,High School,Data Science,122,4,43,22,81,Low,98,Auditory,4,No"
"S00076,27,Female,High School,Cybersecurity,79,3,52,41,80,High,97,Auditory,5,Yes"
"S00077,37,Male,Undergraduate,Machine Learning,457,1,36,44,86,Medium,55,Visual,5,No"
"S00078,43,Female,Postgraduate,Machine Learning,200,1,41,9,47,Medium,69,Visual,1,No"
"S00079,31,Male,Undergraduate,Cybersecurity,472,4,46,48,56,Low,32,Kinesthetic,3,Yes"
"S00080,38,Female,Undergraduate,Data Science,490,4,35,22,46,Medium,81,Reading/Writing,3,No"
"S00081,17,Male,Postgraduate,Data Science,51,1,50,2,96,Low,83,Reading/Writing,5,No"
"S00082,23,Male,Postgraduate,Python Basics,480,1,95,33,93,Medium,76,Kinesthetic,4,Yes"
"S00083,33,Male,Undergraduate,Machine Learning,117,1,85,1,51,Medium,38,Reading/Writing,2,No"
"S00084,41,Female,Undergraduate,Python Basics,173,4,51,9,75,Low,97,Kinesthetic,4,No"
"S00085,15,Female,Undergraduate,Machine Learning,157,3,73,39,62,Medium,65,Kinesthetic,3,No"
"S00086,43,Female,Postgraduate,Machine Learning,214,3,84,35,92,Medium,51,Visual,3,No"
"S00087,38,Female,Undergraduate,Python Basics,371,2,45,19,77,Medium,98,Kinesthetic,2,No"
"S00088,43,Male,Undergraduate,Data Science,443,1,75,1,80,Low,86,Visual,3,No"
"S00089,39,Male,Undergraduate,Machine Learning,113,4,75,47,69,Medium,96,Visual,3,Yes"
"S00090,20,Female,Undergraduate,Python Basics,198,4,67,46,50,Medium,89,Reading/Writing,2,Yes"
"S00091,22,Male,Postgraduate,Cybersecurity,139,1,56,12,89,Medium,59,Kinesthetic,2,No"
"S00092,22,Male,Undergraduate,Data Science,284,4,36,16,82,High,61,Reading/Writing,4,No"
"S00093,20,Male,Undergraduate,Machine Learning,307,1,65,19,49,Medium,57,Visual,4,No"
"S00094,21,Female,High School,Data Science,299,1,84,3,85,Low,62,Auditory,3,Yes"
"S00095,45,Male,High School,Python Basics,115,1,87,46,80,Medium,93,Auditory,4,No"
"S00096,38,Male,High School,Web Development,116,1,85,13,57,Medium,62,Reading/Writing,2,Yes"
"S00097,22,Male,Undergraduate,Python Basics,404,3,47,16,68,High,81,Auditory,3,Yes"
"S00098,46,Female,Undergraduate,Web Development,174,3,63,1,75,Medium,50,Visual,3,No"
"S00099,33,Female,Undergraduate,Python Basics,17,3,96,5,75,Medium,48,Reading/Writing,4,No"
"S00100,46,Female,Undergraduate,Data Science,232,1,86,25,44,High,79,Kinesthetic,5,No"
"S00101,20,Male,Postgraduate,Web Development,164,4,31,19,54,Medium,67,Kinesthetic,1,No"
"S00102,40,Male,High School,Python Basics,113,2,36,28,98,High,68,Visual,4,Yes"
"S00103,25,Female,Undergraduate,Web Development,10,3,87,5,84,High,85,Auditory,5,No"
"S00104,28,Female,Undergraduate,Web Development,282,4,82,43,82,Low,78,Visual,1,No"
"S00105,36,Female,Undergraduate,Python Basics,261,3,76,11,88,Medium,37,Reading/Writing,2,No"
"S00106,33,Female,Undergraduate,Web Development,38,4,53,17,58,High,35,Reading/Writing,4,No"
"S00107,22,Male,Undergraduate,Cybersecurity,130,4,88,20,96,Medium,89,Kinesthetic,1,No"
"S00108,46,Male,Undergraduate,Data Science,42,1,74,11,92,Medium,89,Kinesthetic,4,No"
"S00109,27,Male,High School,Cybersecurity,213,1,57,8,58,Medium,95,Visual,4,No"
"S00110,33,Male,Undergraduate,Data Science,322,4,40,7,67,Medium,35,Kinesthetic,1,Yes"
"S00111,18,Female,Undergraduate,Data Science,418,3,68,9,90,Medium,48,Auditory,2,Yes"
"S00112,31,Male,High School,Machine Learning,320,1,34,2,88,High,88,Kinesthetic,5,No"
"S00113,38,Female,Postgraduate,Cybersecurity,414,2,43,15,65,Low,95,Reading/Writing,5,Yes"
"S00114,15,Female,Postgraduate,Machine Learning,266,4,57,32,88,High,64,Visual,3,No"
"S00115,18,Male,Undergraduate,Machine Learning,439,1,79,17,98,Low,81,Kinesthetic,1,Yes"
"S00116,47,Male,Undergraduate,Machine Learning,332,1,38,47,74,High,72,Reading/Writing,5,Yes"
"S00117,41,Male,High School,Web Development,294,1,41,1,82,High,52,Auditory,3,Yes"
"S00118,49,Female,Undergraduate,Web Development,77,2,60,9,73,High,75,Auditory,1,No"
"S00119,44,Female,High School,Cybersecurity,347,3,86,9,94,Low,62,Auditory,3,No"
"S00120,49,Female,Undergraduate,Web Development,44,3,47,48,77,Medium,97,Auditory,4,No"
"S00121,17,Male,Undergraduate,Data Science,313,2,33,11,41,Medium,93,Auditory,4,Yes"
"S00122,16,Female,Undergraduate,Web Development,342,2,54,37,93,High,66,Visual,2,Yes"
"S00123,32,Female,Undergraduate,Python Basics,139,3,82,10,80,Low,37,Visual,1,Yes"
"S00124,15,Male,High School,Data Science,433,4,59,13,54,Low,56,Auditory,5,No"
"S00125,42,Male,Undergraduate,Data Science,483,1,38,24,92,High,79,Auditory,3,Yes"
"S00126,24,Male,Postgraduate,Python Basics,492,3,96,34,60,Low,39,Visual,5,No"
"S00127,35,Female,High School,Cybersecurity,230,3,48,9,56,Medium,83,Visual,3,No"
"S00128,17,Female,Postgraduate,Python Basics,323,3,98,10,42,Low,52,Kinesthetic,3,Yes"
"S00129,15,Female,Postgraduate,Cybersecurity,167,4,78,43,55,High,38,Kinesthetic,1,No"
"S00130,34,Male,Undergraduate,Cybersecurity,443,2,63,5,89,Medium,86,Visual,2,No"
"S00131,18,Female,High School,Data Science,410,3,37,19,95,Medium,94,Reading/Writing,2,No"
"S00132,40,Male,Undergraduate,Data Science,435,1,38,39,59,Medium,96,Visual,1,No"
"S00133,16,Male,Postgraduate,Machine Learning,340,4,89,23,47,Low,91,Reading/Writing,3,No"
"S00134,17,Female,Postgraduate,Machine Learning,105,2,54,35,73,Medium,38,Visual,1,No"
"S00135,28,Male,Undergraduate,Python Basics,122,2,52,36,53,Medium,40,Visual,5,No"
"S00136,47,Female,Postgraduate,Web Development,289,4,68,21,90,Medium,70,Kinesthetic,1,No"
"S00137,35,Female,Undergraduate,Machine Learning,457,3,81,38,83,Medium,81,Visual,3,No"
"S00138,48,Male,Undergraduate,Web Development,146,2,82,17,59,High,38,Reading/Writing,3,No"
"S00139,27,Female,Undergraduate,Machine Learning,445,3,45,44,87,Medium,70,Kinesthetic,5,No"
"S00140,49,Female,Undergraduate,Cybersecurity,442,1,97,13,93,Medium,59,Kinesthetic,5,No"
"S00141,24,Female,Undergraduate,Machine Learning,170,4,30,33,70,Medium,47,Auditory,5,No"
"S00142,44,Female,High School,Cybersecurity,259,2,72,9,44,High,86,Reading/Writing,3,No"
"S00143,22,Female,Undergraduate,Cybersecurity,294,1,76,16,53,High,55,Kinesthetic,4,No"
"S00144,22,Female,Undergraduate,Python Basics,136,2,88,20,77,Medium,92,Auditory,1,No"
"S00145,32,Female,High School,Machine Learning,458,3,53,17,57,Medium,53,Auditory,2,No"
"S00146,23,Male,Postgraduate,Data Science,194,4,82,10,57,Medium,66,Auditory,5,Yes"
"S00147,30,Male,Postgraduate,Data Science,414,2,98,39,97,Low,87,Visual,2,No"
"S00148,35,Female,High School,Python Basics,356,2,78,44,84,High,43,Auditory,2,No"
"S00149,25,Female,Undergraduate,Data Science,472,2,32,9,79,Medium,95,Reading/Writing,1,No"
"S00150,26,Male,Undergraduate,Machine Learning,420,2,99,4,77,Medium,87,Visual,3,Yes"
"S00151,26,Male,Undergraduate,Machine Learning,386,3,68,20,86,High,38,Auditory,5,No"
"S00152,40,Male,High School,Data Science,96,1,85,26,47,Medium,50,Reading/Writing,2,Yes"
"S00153,45,Female,Undergraduate,Data Science,79,1,41,32,44,Medium,73,Auditory,5,No"
"S00154,38,Female,Undergraduate,Data Science,145,4,98,18,90,High,85,Auditory,3,No"
"S00155,46,Male,Postgraduate,Data Science,411,2,65,39,61,High,80,Kinesthetic,1,No"
"S00156,28,Male,Undergraduate,Cybersecurity,86,2,92,2,88,High,63,Auditory,4,Yes"
"S00157,18,Female,High School,Machine Learning,53,3,39,11,58,High,42,Visual,2,No"
"S00158,38,Other,Postgraduate,Web Development,426,4,62,20,44,High,92,Visual,1,No"
"S00159,26,Male,High School,Web Development,425,3,55,44,52,Medium,97,Kinesthetic,2,No"
"S00160,25,Female,Undergraduate,Data Science,112,2,87,4,86,Low,40,Reading/Writing,5,No"
"S00161,25,Female,Undergraduate,Python Basics,231,1,64,18,87,Low,84,Auditory,5,No"
"S00162,35,Male,Undergraduate,Web Development,183,3,89,15,91,Low,95,Auditory,2,No"
"S00163,26,Male,Undergraduate,Machine Learning,245,4,71,0,74,High,94,Kinesthetic,4,No"
"S00164,44,Female,High School,Cybersecurity,142,1,86,28,94,Medium,79,Reading/Writing,5,No"
"S00165,18,Male,Postgraduate,Web Development,319,2,37,21,53,Medium,43,Visual,1,No"
"S00166,22,Other,Undergraduate,Cybersecurity,183,2,74,38,89,Medium,32,Auditory,1,No"
"S00167,26,Female,Postgraduate,Cybersecurity,393,3,70,16,46,Low,91,Kinesthetic,2,Yes"
"S00168,29,Male,High School,Cybersecurity,454,4,31,49,75,Medium,62,Visual,5,No"
"S00169,15,Female,Undergraduate,Web Development,406,3,53,46,55,Medium,85,Kinesthetic,4,Yes"
"S00170,29,Female,Undergraduate,Web Development,425,4,56,12,67,Low,92,Reading/Writing,1,No"
"S00171,16,Female,Undergraduate,Data Science,326,4,78,9,59,Medium,60,Kinesthetic,1,No"
"S00172,22,Female,Undergraduate,Cybersecurity,408,4,48,25,49,Low,48,Kinesthetic,4,No"
"S00173,18,Male,Undergraduate,Cybersecurity,499,3,71,33,76,High,33,Kinesthetic,1,Yes"
"S00174,27,Male,High School,Python Basics,276,2,83,38,96,Medium,89,Auditory,1,No"
"S00175,32,Female,Postgraduate,Python Basics,469,3,86,20,89,Medium,90,Kinesthetic,2,Yes"
"S00176,31,Female,Undergraduate,Machine Learning,59,3,43,9,62,High,50,Auditory,3,Yes"
"S00177,29,Male,Undergraduate,Python Basics,76,2,99,45,77,Medium,90,Kinesthetic,2,No"
"S00178,24,Female,High School,Cybersecurity,127,4,46,8,91,Medium,72,Kinesthetic,4,No"
"S00179,43,Female,Undergraduate,Cybersecurity,333,1,96,23,55,High,74,Kinesthetic,2,No"
"S00180,28,Male,Undergraduate,Python Basics,216,4,75,23,40,Medium,71,Auditory,1,No"
"S00181,33,Male,Undergraduate,Machine Learning,234,4,55,30,61,Medium,80,Reading/Writing,4,No"
"S00182,39,Female,Undergraduate,Machine Learning,459,3,78,31,43,Low,73,Auditory,5,No"
"S00183,48,Female,Undergraduate,Web Development,399,3,34,33,99,Low,33,Visual,4,No"
"S00184,36,Male,Undergraduate,Cybersecurity,73,2,75,27,79,Medium,96,Kinesthetic,5,No"
"S00185,30,Male,Undergraduate,Machine Learning,147,1,52,23,84,Medium,53,Auditory,2,No"
"S00186,47,Male,High School,Web Development,152,3,77,6,81,Medium,78,Visual,2,No"
"S00187,28,Female,High School,Web Development,184,4,72,13,95,Low,83,Kinesthetic,5,No"
"S00188,44,Male,High School,Machine Learning,63,3,57,46,92,Low,42,Visual,2,No"
"S00189,22,Other,Undergraduate,Data Science,345,4,82,19,68,High,45,Visual,4,No"
"S00190,20,Female,Undergraduate,Machine Learning,447,3,69,32,52,Medium,47,Auditory,5,No"
"S00191,33,Male,Undergraduate,Machine Learning,357,4,49,27,57,Medium,87,Auditory,1,No"
"S00192,49,Male,Undergraduate,Python Basics,29,3,78,20,67,Low,60,Visual,5,No"
"S00193,20,Other,Undergraduate,Web Development,110,1,38,38,50,Medium,91,Reading/Writing,4,No"
"S00194,45,Male,Postgraduate,Machine Learning,303,4,58,32,64,High,89,Reading/Writing,1,No"
"S00195,15,Female,Undergraduate,Python Basics,214,2,36,7,48,Low,46,Auditory,2,Yes"
"S00196,21,Female,Postgraduate,Data Science,335,2,87,48,99,Low,96,Kinesthetic,5,No"
"S00197,45,Female,High School,Python Basics,412,2,41,35,76,Medium,62,Visual,1,No"
"S00198,48,Male,Undergraduate,Web Development,70,2,84,17,42,Medium,54,Kinesthetic,5,No"
"S00199,39,Female,Postgraduate,Cybersecurity,491,1,54,30,95,High,90,Visual,2,No"
"S00200,25,Male,Postgraduate,Cybersecurity,470,3,94,25,53,Medium,66,Visual,4,Yes"
"S00201,15,Female,Undergraduate,Cybersecurity,347,3,45,47,58,High,84,Visual,5,No"
"S00202,36,Male,Undergraduate,Python Basics,417,2,41,31,81,Low,98,Auditory,2,No"
"S00203,20,Male,High School,Web Development,317,4,75,30,89,High,30,Visual,4,No"
"S00204,16,Male,High School,Data Science,28,1,38,29,67,Medium,33,Kinesthetic,3,No"
"S00205,28,Female,Undergraduate,Cybersecurity,408,4,37,29,71,Medium,42,Kinesthetic,2,Yes"
"S00206,29,Male,Postgraduate,Data Science,433,1,94,17,83,High,65,Kinesthetic,1,No"
"S00207,39,Male,High School,Python Basics,489,2,41,44,98,Medium,88,Auditory,3,No"
"S00208,26,Male,Postgraduate,Web Development,463,1,39,20,93,Medium,82,Visual,5,No"
"S00209,41,Male,Postgraduate,Python Basics,422,2,92,31,87,Medium,57,Auditory,4,Yes"
"S00210,46,Male,Undergraduate,Data Science,417,4,97,1,99,Medium,47,Visual,2,No"
"S00211,23,Male,Postgraduate,Data Science,279,3,88,27,70,Medium,90,Visual,2,No"
"S00212,40,Female,Undergraduate,Machine Learning,52,3,40,39,88,Medium,99,Visual,3,No"
"S00213,17,Female,Postgraduate,Cybersecurity,15,1,33,45,97,Medium,62,Visual,3,Yes"
"S00214,37,Male,Undergraduate,Cybersecurity,212,3,43,47,92,Low,66,Kinesthetic,5,No"
"S00215,46,Male,Undergraduate,Python Basics,484,3,86,48,86,High,73,Auditory,4,No"
"S00216,43,Male,High School,Web Development,436,1,30,32,88,Low,38,Visual,1,No"
"S00217,15,Male,Postgraduate,Web Development,455,3,99,41,86,Medium,62,Reading/Writing,3,No"
"S00218,31,Male,Postgraduate,Machine Learning,133,3,92,3,78,High,78,Visual,5,No"
"S00219,17,Male,Postgraduate,Python Basics,305,1,50,3,75,High,64,Kinesthetic,4,No"
"S00220,24,Female,Postgraduate,Machine Learning,124,2,69,11,80,Medium,45,Kinesthetic,3,No"
"S00221,38,Female,High School,Web Development,193,1,31,34,88,Medium,95,Visual,1,No"
"S00222,25,Female,Undergraduate,Data Science,373,3,94,42,42,High,89,Visual,5,Yes"
"S00223,30,Female,Undergraduate,Machine Learning,299,3,81,5,60,Low,80,Kinesthetic,2,No"
"S00224,16,Other,High School,Web Development,322,2,47,46,90,Medium,53,Reading/Writing,1,No"
"S00225,26,Female,Undergraduate,Data Science,153,4,86,26,48,Medium,67,Visual,1,No"
"S00226,22,Female,Postgraduate,Python Basics,486,4,61,38,59,High,40,Visual,5,No"
"S00227,21,Female,High School,Data Science,346,2,91,16,90,Medium,49,Auditory,5,No"
"S00228,24,Female,High School,Machine Learning,336,1,60,31,95,Low,65,Reading/Writing,2,No"
"S00229,22,Male,Undergraduate,Data Science,339,4,58,15,40,Medium,64,Auditory,1,Yes"
"S00230,29,Male,Undergraduate,Machine Learning,146,2,45,9,88,Medium,50,Kinesthetic,4,No"
"S00231,28,Female,Undergraduate,Machine Learning,70,3,97,44,65,Low,50,Auditory,5,Yes"
"S00232,30,Male,Postgraduate,Python Basics,264,3,79,17,97,Medium,64,Visual,5,No"
"S00233,29,Female,Undergraduate,Python Basics,362,3,94,31,43,High,36,Visual,5,Yes"
"S00234,20,Female,Undergraduate,Cybersecurity,118,3,54,42,85,Low,37,Kinesthetic,2,No"
"S00235,40,Female,Undergraduate,Web Development,365,2,84,29,82,High,83,Auditory,3,No"
"S00236,20,Male,Undergraduate,Machine Learning,429,4,58,43,41,Medium,90,Visual,5,No"
"S00237,27,Male,Postgraduate,Cybersecurity,115,1,79,23,61,Medium,98,Kinesthetic,5,No"
"S00238,30,Female,High School,Data Science,149,1,67,8,85,Medium,82,Kinesthetic,4,No"
"S00239,40,Male,High School,Cybersecurity,111,2,84,3,92,High,80,Visual,3,No"
"S00240,23,Female,High School,Cybersecurity,212,2,50,37,50,High,71,Visual,3,No"
"S00241,38,Female,High School,Cybersecurity,373,1,74,2,55,Medium,63,Visual,2,No"
"S00242,33,Female,Postgraduate,Web Development,291,3,32,34,71,Medium,97,Visual,4,No"
"S00243,32,Female,High School,Python Basics,92,2,44,24,80,High,89,Kinesthetic,1,No"
"S00244,24,Female,High School,Web Development,201,2,62,48,41,High,72,Auditory,3,No"
"S00245,38,Male,Undergraduate,Cybersecurity,346,3,30,11,79,High,47,Auditory,2,No"
"S00246,29,Male,Undergraduate,Machine Learning,261,3,90,38,59,High,36,Auditory,3,No"
"S00247,23,Female,Undergraduate,Python Basics,379,2,38,1,97,Medium,37,Auditory,3,No"
"S00248,21,Female,Undergraduate,Machine Learning,264,2,73,7,78,Medium,54,Visual,1,Yes"
"S00249,31,Female,High School,Cybersecurity,427,4,49,14,69,High,56,Reading/Writing,5,Yes"
"S00250,39,Male,Undergraduate,Web Development,372,2,49,46,94,Medium,61,Auditory,5,No"
"S00251,18,Male,Undergraduate,Machine Learning,261,1,39,12,86,High,87,Reading/Writing,2,Yes"
"S00252,22,Female,Undergraduate,Web Development,62,3,59,17,92,High,87,Visual,4,No"
"S00253,16,Male,High School,Data Science,263,4,58,24,78,High,78,Visual,2,No"
"S00254,41,Female,High School,Machine Learning,336,4,47,36,98,High,44,Visual,3,No"
"S00255,18,Male,Undergraduate,Machine Learning,45,3,49,36,55,High,79,Reading/Writing,4,No"
"S00256,46,Male,Undergraduate,Python Basics,438,3,88,22,60,Medium,30,Reading/Writing,2,No"
"S00257,24,Male,Postgraduate,Machine Learning,39,3,32,18,56,Medium,40,Auditory,4,No"
"S00258,26,Female,Undergraduate,Python Basics,336,1,82,19,81,High,50,Kinesthetic,3,No"
"S00259,23,Female,Postgraduate,Python Basics,451,4,68,0,79,Low,76,Visual,1,No"
"S00260,26,Male,High School,Web Development,217,1,62,29,54,Medium,62,Visual,5,No"
"S00261,42,Female,High School,Python Basics,84,1,79,30,51,Medium,45,Auditory,3,No"
"S00262,19,Male,Undergraduate,Data Science,314,2,95,1,60,Low,46,Auditory,4,Yes"
"S00263,46,Male,High School,Web Development,68,2,44,4,50,Medium,59,Auditory,2,Yes"
"S00264,17,Male,Postgraduate,Data Science,131,2,58,1,63,High,45,Kinesthetic,5,No"
"S00265,23,Female,Undergraduate,Cybersecurity,114,2,91,2,85,Medium,62,Visual,5,No"
"S00266,43,Female,Undergraduate,Machine Learning,241,3,71,20,72,Medium,76,Kinesthetic,3,No"
"S00267,24,Female,Undergraduate,Data Science,389,4,67,45,97,Low,53,Visual,2,No"
"S00268,21,Male,Undergraduate,Machine Learning,454,2,85,16,40,Medium,94,Kinesthetic,1,No"
"S00269,37,Male,Undergraduate,Cybersecurity,177,4,63,35,57,Medium,96,Kinesthetic,1,Yes"
"S00270,21,Male,Postgraduate,Python Basics,131,1,68,28,46,Medium,95,Reading/Writing,4,No"
"S00271,29,Female,Undergraduate,Web Development,147,1,44,14,88,High,73,Kinesthetic,5,No"
"S00272,22,Female,Undergraduate,Cybersecurity,425,2,68,4,41,High,91,Reading/Writing,2,No"
"S00273,20,Female,Undergraduate,Web Development,270,4,68,27,53,Low,60,Visual,2,No"
"S00274,17,Male,Postgraduate,Cybersecurity,143,2,41,10,87,Medium,47,Reading/Writing,5,No"
"S00275,44,Male,Undergraduate,Data Science,469,3,69,26,98,Medium,47,Auditory,1,No"
"S00276,21,Female,High School,Data Science,50,3,75,23,87,Medium,84,Kinesthetic,2,Yes"
"S00277,21,Female,Undergraduate,Python Basics,35,2,81,31,66,High,56,Kinesthetic,1,No"
"S00278,16,Male,Undergraduate,Python Basics,91,3,37,37,99,High,56,Visual,1,No"
"S00279,17,Male,Undergraduate,Data Science,179,2,95,31,95,Medium,68,Kinesthetic,2,No"
"S00280,20,Other,High School,Cybersecurity,136,2,37,37,96,Medium,77,Kinesthetic,3,No"
"S00281,23,Female,Undergraduate,Web Development,21,4,44,3,87,Medium,33,Reading/Writing,5,No"
"S00282,15,Female,High School,Cybersecurity,365,3,31,7,75,Medium,60,Auditory,3,No"
"S00283,26,Female,Undergraduate,Python Basics,291,4,60,40,83,Medium,30,Kinesthetic,4,No"
"S00284,20,Male,Postgraduate,Machine Learning,226,2,39,7,70,Medium,67,Visual,5,No"
"S00285,36,Other,Undergraduate,Python Basics,67,4,79,10,88,High,59,Auditory,4,No"
"S00286,25,Female,Undergraduate,Machine Learning,388,1,66,43,52,Low,57,Kinesthetic,4,No"
"S00287,22,Female,High School,Machine Learning,400,1,84,28,43,High,67,Reading/Writing,4,Yes"
"S00288,42,Male,Undergraduate,Data Science,25,1,60,9,65,Medium,97,Visual,4,No"
"S00289,24,Other,Postgraduate,Web Development,491,4,47,37,61,Medium,43,Reading/Writing,4,Yes"
"S00290,17,Other,Undergraduate,Machine Learning,473,4,70,19,68,High,32,Visual,2,No"
"S00291,28,Female,Undergraduate,Data Science,82,4,58,22,47,Medium,98,Visual,3,No"
"S00292,41,Female,High School,Web Development,205,1,85,25,72,High,35,Visual,5,No"
"S00293,48,Female,High School,Cybersecurity,220,2,62,0,90,High,73,Reading/Writing,1,No"
"S00294,49,Male,Undergraduate,Python Basics,138,2,89,34,64,Medium,75,Kinesthetic,5,No"
"S00295,32,Female,High School,Web Development,205,4,49,6,40,Medium,59,Visual,3,No"
"S00296,27,Female,High School,Data Science,198,4,88,38,90,Low,40,Reading/Writing,1,No"
"S00297,18,Male,Undergraduate,Data Science,322,3,66,38,45,Medium,84,Visual,2,No"
"S00298,25,Male,Undergraduate,Machine Learning,143,3,99,1,88,Medium,44,Kinesthetic,2,No"
"S00299,29,Male,Undergraduate,Web Development,139,1,40,33,84,Medium,35,Kinesthetic,3,No"
"S00300,36,Female,Undergraduate,Web Development,443,3,97,25,79,Medium,63,Kinesthetic,3,No"
"S00301,34,Female,Postgraduate,Web Development,231,1,82,36,77,Medium,32,Visual,3,No"
"S00302,41,Male,Undergraduate,Web Development,236,4,69,36,81,Medium,58,Auditory,4,No"
"S00303,30,Female,High School,Web Development,462,4,62,22,80,Low,90,Visual,5,Yes"
"S00304,25,Other,High School,Python Basics,366,4,53,23,93,High,36,Kinesthetic,4,No"
"S00305,15,Female,Undergraduate,Python Basics,277,1,87,31,51,Medium,74,Reading/Writing,4,Yes"
"S00306,37,Male,High School,Data Science,499,1,95,48,48,Low,65,Reading/Writing,5,No"
"S00307,47,Male,Postgraduate,Cybersecurity,264,4,58,2,80,Low,49,Kinesthetic,5,No"
"S00308,47,Female,Postgraduate,Data Science,425,2,48,1,53,Medium,60,Visual,3,No"
"S00309,45,Female,Undergraduate,Python Basics,394,4,44,22,98,High,95,Auditory,3,No"
"S00310,16,Male,Undergraduate,Web Development,439,2,80,2,51,Medium,53,Reading/Writing,2,Yes"
"S00311,40,Female,High School,Data Science,73,4,40,40,55,Medium,37,Reading/Writing,4,No"
"S00312,46,Male,Postgraduate,Cybersecurity,294,3,51,3,51,High,42,Auditory,3,No"
"S00313,49,Female,Postgraduate,Machine Learning,286,4,80,45,65,High,64,Visual,5,No"
"S00314,40,Male,Undergraduate,Data Science,186,1,35,25,91,Low,53,Auditory,4,Yes"
"S00315,28,Male,Undergraduate,Cybersecurity,83,4,89,31,93,Medium,83,Auditory,4,No"
"S00316,20,Female,Undergraduate,Data Science,191,1,70,1,96,High,35,Kinesthetic,4,No"
"S00317,36,Male,High School,Web Development,306,4,83,6,85,Medium,46,Reading/Writing,5,No"
"S00318,27,Male,Undergraduate,Cybersecurity,448,2,40,43,40,High,88,Visual,1,Yes"
"S00319,17,Female,High School,Machine Learning,135,1,72,38,98,Medium,51,Kinesthetic,2,Yes"
"S00320,40,Female,High School,Data Science,454,2,94,27,85,High,84,Reading/Writing,2,No"
"S00321,20,Female,Postgraduate,Data Science,93,2,36,23,94,Low,92,Auditory,3,No"
"S00322,41,Female,Undergraduate,Cybersecurity,445,1,78,28,56,High,98,Reading/Writing,4,No"
"S00323,15,Male,Undergraduate,Python Basics,353,1,87,31,78,Medium,30,Auditory,5,No"
"S00324,44,Female,Postgraduate,Web Development,445,3,44,46,68,Low,77,Auditory,3,Yes"
"S00325,34,Male,Undergraduate,Web Development,164,2,74,28,57,High,60,Reading/Writing,2,No"
"S00326,36,Male,Undergraduate,Data Science,208,3,39,49,65,High,34,Auditory,5,No"
"S00327,20,Male,Postgraduate,Web Development,226,4,96,48,61,Medium,83,Kinesthetic,4,No"
"S00328,42,Female,Undergraduate,Data Science,344,2,94,1,41,Low,33,Kinesthetic,1,No"
"S00329,22,Female,Undergraduate,Web Development,277,4,50,19,87,Low,85,Kinesthetic,4,No"
"S00330,40,Male,Undergraduate,Web Development,493,3,43,2,40,Low,57,Auditory,2,No"
"S00331,15,Male,Undergraduate,Machine Learning,348,1,96,20,76,High,46,Visual,5,Yes"
"S00332,21,Female,Undergraduate,Python Basics,89,2,86,19,92,High,87,Reading/Writing,1,Yes"
"S00333,48,Female,Undergraduate,Python Basics,285,1,85,31,94,High,67,Reading/Writing,5,Yes"
"S00334,44,Female,Undergraduate,Data Science,314,3,50,21,65,Medium,45,Reading/Writing,1,No"
"S00335,22,Male,High School,Web Development,120,2,31,16,48,Medium,79,Auditory,4,No"
"S00336,27,Other,Undergraduate,Machine Learning,254,3,53,48,42,Medium,91,Auditory,2,No"
"S00337,47,Male,High School,Cybersecurity,230,2,33,46,91,Medium,64,Kinesthetic,2,No"
"S00338,31,Female,Undergraduate,Data Science,119,4,57,29,81,Medium,51,Reading/Writing,3,No"
"S00339,21,Female,Postgraduate,Machine Learning,339,4,35,21,60,High,71,Visual,5,No"
"S00340,35,Female,Postgraduate,Python Basics,482,3,71,35,78,High,36,Visual,1,No"
"S00341,46,Female,Undergraduate,Cybersecurity,64,2,92,18,48,High,50,Reading/Writing,5,No"
"S00342,45,Male,High School,Cybersecurity,343,3,35,0,64,Medium,63,Auditory,3,No"
"S00343,24,Male,Undergraduate,Cybersecurity,335,4,62,49,77,Low,73,Auditory,4,No"
"S00344,20,Female,Undergraduate,Python Basics,318,3,75,4,97,Medium,34,Visual,4,No"
"S00345,44,Female,Undergraduate,Cybersecurity,442,1,70,47,81,High,41,Visual,1,Yes"
"S00346,46,Male,Postgraduate,Data Science,14,4,30,49,52,Medium,45,Kinesthetic,4,No"
"S00347,32,Female,Undergraduate,Machine Learning,256,2,61,36,92,Low,52,Auditory,2,No"
"S00348,24,Female,Undergraduate,Cybersecurity,36,1,92,34,49,Low,53,Reading/Writing,1,No"
"S00349,27,Female,High School,Python Basics,474,1,86,43,91,High,57,Reading/Writing,4,No"
"S00350,49,Male,High School,Machine Learning,412,2,72,11,76,Medium,40,Reading/Writing,2,No"
"S00351,42,Female,Undergraduate,Python Basics,385,2,38,10,82,Medium,81,Reading/Writing,2,Yes"
"S00352,46,Male,Undergraduate,Cybersecurity,403,2,47,31,88,Medium,40,Auditory,4,Yes"
"S00353,43,Male,Undergraduate,Web Development,451,1,53,33,71,High,97,Reading/Writing,4,No"
"S00354,39,Female,Undergraduate,Web Development,135,4,30,41,55,High,92,Kinesthetic,2,No"
"S00355,43,Female,High School,Data Science,116,4,60,14,52,High,86,Kinesthetic,1,No"
"S00356,27,Male,High School,Python Basics,483,3,42,47,42,Medium,98,Kinesthetic,1,No"
"S00357,40,Male,Undergraduate,Data Science,246,4,48,1,94,Medium,50,Reading/Writing,3,No"
"S00358,42,Female,High School,Machine Learning,78,1,95,46,76,Medium,57,Kinesthetic,1,No"
"S00359,27,Female,High School,Python Basics,81,4,48,39,40,High,67,Auditory,2,No"
"S00360,33,Female,Undergraduate,Machine Learning,316,1,57,24,50,Medium,72,Reading/Writing,5,No"
"S00361,29,Male,High School,Python Basics,472,2,81,2,84,Medium,53,Reading/Writing,5,No"
"S00362,42,Female,High School,Data Science,15,4,73,38,47,High,89,Auditory,3,No"
"S00363,46,Male,Undergraduate,Python Basics,403,4,36,37,51,High,36,Visual,3,No"
"S00364,48,Male,Undergraduate,Cybersecurity,328,4,66,29,62,High,70,Visual,5,No"
"S00365,49,Female,Undergraduate,Python Basics,364,2,31,3,73,High,97,Visual,1,No"
"S00366,46,Female,Undergraduate,Web Development,340,3,93,18,67,Medium,49,Auditory,5,No"
"S00367,36,Male,Undergraduate,Machine Learning,233,3,79,12,69,Medium,75,Reading/Writing,4,No"
"S00368,44,Female,Undergraduate,Data Science,191,1,87,7,71,Medium,64,Reading/Writing,2,No"
"S00369,24,Female,Undergraduate,Web Development,404,2,83,27,57,Medium,61,Reading/Writing,2,No"
"S00370,35,Male,Undergraduate,Cybersecurity,244,1,45,3,99,Low,48,Reading/Writing,4,No"
"S00371,41,Male,Undergraduate,Data Science,142,2,85,36,73,Medium,32,Kinesthetic,3,No"
"S00372,48,Other,Undergraduate,Cybersecurity,283,1,79,27,83,Medium,51,Visual,5,Yes"
"S00373,18,Male,Postgraduate,Python Basics,19,3,84,1,62,High,59,Visual,4,No"
"S00374,31,Female,High School,Machine Learning,207,1,61,19,56,Medium,56,Kinesthetic,5,No"
"S00375,19,Female,Undergraduate,Data Science,57,3,48,27,86,Medium,88,Kinesthetic,4,No"
"S00376,29,Female,Undergraduate,Machine Learning,398,1,66,21,71,Medium,51,Visual,2,No"
"S00377,48,Female,Postgraduate,Machine Learning,72,3,39,3,49,Medium,83,Auditory,3,No"
"S00378,26,Male,Postgraduate,Cybersecurity,40,2,42,25,81,Medium,38,Auditory,4,No"
"S00379,34,Male,High School,Web Development,426,4,32,13,58,Medium,68,Reading/Writing,1,No"
"S00380,38,Male,Postgraduate,Data Science,239,3,31,45,75,Medium,54,Visual,2,No"
"S00381,22,Female,Undergraduate,Web Development,210,2,41,21,46,Medium,46,Reading/Writing,3,No"
"S00382,21,Male,Undergraduate,Web Development,137,3,48,10,58,Medium,76,Visual,1,Yes"
"S00383,40,Male,High School,Cybersecurity,450,3,80,19,51,Medium,83,Kinesthetic,2,No"
"S00384,39,Male,Undergraduate,Web Development,343,4,78,37,76,Medium,83,Reading/Writing,4,No"
"S00385,46,Female,Postgraduate,Data Science,437,4,56,1,99,Low,66,Reading/Writing,1,No"
"S00386,22,Male,Undergraduate,Data Science,294,3,69,43,81,Medium,46,Kinesthetic,3,No"
"S00387,24,Male,Undergraduate,Python Basics,273,4,59,18,69,Medium,37,Reading/Writing,4,Yes"
"S00388,48,Other,Postgraduate,Python Basics,397,1,66,9,63,High,67,Kinesthetic,5,No"
"S00389,35,Male,High School,Cybersecurity,265,4,41,41,57,High,45,Reading/Writing,3,No"
"S00390,16,Male,Postgraduate,Web Development,244,1,73,41,54,Medium,78,Visual,2,No"
"S00391,21,Male,Postgraduate,Python Basics,49,2,32,23,49,High,86,Reading/Writing,2,Yes"
"S00392,26,Male,Postgraduate,Python Basics,396,4,96,32,71,High,71,Visual,3,No"
"S00393,36,Male,Undergraduate,Data Science,106,1,89,0,94,Medium,58,Kinesthetic,4,No"
"S00394,24,Female,High School,Python Basics,165,4,63,4,87,Low,94,Auditory,5,No"
"S00395,44,Male,Undergraduate,Data Science,304,1,34,22,61,Medium,55,Kinesthetic,4,Yes"
"S00396,37,Female,Undergraduate,Cybersecurity,357,1,84,31,86,High,82,Visual,3,No"
"S00397,35,Female,High School,Python Basics,452,3,33,35,66,High,70,Kinesthetic,4,No"
"S00398,44,Male,High School,Web Development,306,1,51,9,67,Medium,38,Visual,4,No"
"S00399,48,Female,High School,Data Science,71,4,90,42,65,Medium,48,Reading/Writing,5,No"
"S00400,17,Female,Undergraduate,Machine Learning,353,3,37,15,98,Medium,95,Kinesthetic,3,No"
"S00401,46,Female,High School,Data Science,346,4,39,28,81,High,83,Kinesthetic,1,No"
"S00402,18,Male,Undergraduate,Machine Learning,287,3,78,4,94,Medium,32,Visual,1,Yes"
"S00403,43,Female,Undergraduate,Cybersecurity,304,4,38,44,88,High,91,Kinesthetic,1,No"
"S00404,27,Other,Postgraduate,Web Development,140,2,67,40,61,Medium,38,Reading/Writing,2,No"
"S00405,39,Female,Undergraduate,Python Basics,377,4,97,28,42,High,43,Visual,4,No"
"S00406,47,Female,High School,Machine Learning,333,1,69,37,76,Medium,63,Visual,2,No"
"S00407,38,Male,Undergraduate,Machine Learning,424,3,39,41,66,Medium,92,Kinesthetic,4,No"
"S00408,20,Female,Postgraduate,Data Science,405,4,73,3,87,Medium,52,Reading/Writing,3,Yes"
"S00409,29,Female,Postgraduate,Data Science,235,1,58,47,60,High,40,Reading/Writing,1,No"
"S00410,44,Male,Undergraduate,Cybersecurity,272,1,88,37,53,High,96,Kinesthetic,3,No"
"S00411,34,Male,Undergraduate,Python Basics,252,4,57,5,45,Medium,76,Kinesthetic,3,No"
"S00412,47,Female,Undergraduate,Data Science,137,1,34,31,80,High,79,Auditory,1,No"
"S00413,44,Male,Undergraduate,Web Development,284,4,90,35,70,High,57,Auditory,4,No"
"S00414,33,Female,High School,Web Development,407,4,44,32,93,Medium,44,Reading/Writing,1,No"
"S00415,24,Male,Undergraduate,Cybersecurity,401,4,44,39,57,Medium,78,Reading/Writing,3,No"
"S00416,37,Female,High School,Web Development,263,2,85,10,84,Medium,97,Kinesthetic,5,No"
"S00417,24,Female,High School,Python Basics,490,2,34,24,95,Medium,67,Kinesthetic,4,No"
"S00418,20,Female,Postgraduate,Cybersecurity,418,4,33,32,85,High,56,Kinesthetic,5,No"
"S00419,42,Male,High School,Web Development,318,3,74,26,45,Low,43,Reading/Writing,1,No"
"S00420,32,Female,Undergraduate,Cybersecurity,33,3,33,4,86,Medium,51,Visual,4,No"
"S00421,31,Female,Undergraduate,Web Development,162,2,44,24,42,High,58,Reading/Writing,4,No"
"S00422,28,Female,Postgraduate,Web Development,130,3,45,19,98,Low,97,Kinesthetic,3,No"
"S00423,15,Male,Undergraduate,Web Development,258,1,89,35,77,Low,50,Visual,1,No"
"S00424,46,Male,Postgraduate,Cybersecurity,327,2,94,36,66,Low,45,Kinesthetic,5,Yes"
"S00425,24,Female,Undergraduate,Machine Learning,253,4,35,49,94,Low,93,Kinesthetic,3,No"
"S00426,26,Female,Undergraduate,Cybersecurity,140,3,47,40,63,Medium,97,Kinesthetic,2,No"
"S00427,29,Female,Undergraduate,Cybersecurity,281,3,59,8,76,Medium,51,Visual,3,No"
"S00428,18,Male,Undergraduate,Machine Learning,55,4,45,37,60,Medium,88,Visual,4,Yes"
"S00429,38,Male,Undergraduate,Data Science,434,1,83,23,86,Medium,37,Auditory,1,Yes"
"S00430,46,Female,High School,Python Basics,373,1,45,47,95,Low,32,Reading/Writing,5,Yes"
"S00431,16,Male,High School,Web Development,100,4,88,14,93,Low,72,Auditory,4,No"
"S00432,21,Female,High School,Machine Learning,387,2,69,36,71,Medium,70,Auditory,1,Yes"
"S00433,45,Male,Undergraduate,Machine Learning,286,4,76,41,57,Medium,35,Kinesthetic,2,No"
"S00434,25,Male,High School,Data Science,84,2,92,12,70,Medium,46,Reading/Writing,5,Yes"
"S00435,33,Female,Undergraduate,Machine Learning,229,4,84,42,98,Low,72,Reading/Writing,4,No"
"S00436,32,Male,Undergraduate,Web Development,382,2,35,19,41,Medium,68,Visual,3,No"
"S00437,17,Male,Undergraduate,Data Science,162,1,79,4,49,Medium,54,Reading/Writing,3,No"
"S00438,35,Male,Undergraduate,Python Basics,114,2,92,11,94,High,41,Auditory,3,No"
"S00439,36,Male,Undergraduate,Web Development,338,2,86,20,73,Medium,35,Auditory,2,No"
"S00440,47,Male,Undergraduate,Data Science,57,4,95,42,62,Medium,33,Reading/Writing,5,No"
"S00441,28,Male,Undergraduate,Python Basics,120,3,55,39,72,Medium,94,Reading/Writing,3,No"
"S00442,48,Male,Undergraduate,Data Science,145,3,88,3,86,Medium,69,Reading/Writing,1,Yes"
"S00443,32,Male,Undergraduate,Data Science,340,2,36,24,59,Low,47,Auditory,2,No"
"S00444,42,Male,Postgraduate,Machine Learning,294,3,93,41,52,High,42,Auditory,3,No"
"S00445,37,Female,Postgraduate,Data Science,77,1,37,42,59,Medium,70,Kinesthetic,5,Yes"
"S00446,39,Female,Undergraduate,Cybersecurity,147,2,49,3,52,Low,74,Reading/Writing,5,No"
"S00447,28,Male,Postgraduate,Python Basics,456,1,88,2,60,Low,68,Kinesthetic,1,No"
"S00448,18,Female,High School,Cybersecurity,466,2,76,46,77,Medium,94,Reading/Writing,1,No"
"S00449,21,Male,Postgraduate,Web Development,129,3,51,21,69,Medium,52,Kinesthetic,4,No"
"S00450,46,Female,Undergraduate,Python Basics,416,4,65,1,76,Low,70,Reading/Writing,3,Yes"
"S00451,34,Male,Undergraduate,Machine Learning,445,4,35,17,95,Medium,56,Visual,5,No"
"S00452,20,Male,Undergraduate,Data Science,237,3,46,13,58,Medium,50,Reading/Writing,5,No"
"S00453,44,Female,Undergraduate,Data Science,183,1,68,39,66,Medium,51,Reading/Writing,5,No"
"S00454,32,Female,Undergraduate,Cybersecurity,182,2,53,37,41,High,65,Auditory,2,No"
"S00455,44,Female,Undergraduate,Python Basics,302,1,34,10,88,Medium,70,Kinesthetic,5,No"
"S00456,22,Male,Postgraduate,Cybersecurity,265,1,87,48,83,High,98,Kinesthetic,2,No"
"S00457,39,Female,Postgraduate,Python Basics,449,2,52,35,97,High,80,Auditory,4,No"
"S00458,43,Male,Postgraduate,Cybersecurity,334,1,96,9,50,High,33,Visual,5,No"
"S00459,36,Male,Undergraduate,Web Development,19,2,90,15,61,High,81,Visual,5,No"
"S00460,43,Female,Undergraduate,Python Basics,465,2,77,42,69,Medium,65,Kinesthetic,5,No"
"S00461,34,Female,High School,Machine Learning,368,4,63,16,86,High,82,Auditory,4,No"
"S00462,23,Female,Undergraduate,Cybersecurity,187,4,88,1,68,High,71,Visual,5,No"
"S00463,16,Male,High School,Web Development,211,3,90,48,69,Medium,38,Visual,4,No"
"S00464,26,Female,High School,Python Basics,398,1,78,33,87,Medium,30,Reading/Writing,2,Yes"
"S00465,45,Female,Undergraduate,Cybersecurity,162,4,85,34,82,High,96,Auditory,4,No"
"S00466,37,Male,Postgraduate,Web Development,149,4,62,20,78,Medium,92,Reading/Writing,1,No"
"S00467,30,Female,Undergraduate,Python Basics,329,4,87,6,77,High,87,Kinesthetic,2,Yes"
"S00468,35,Male,High School,Data Science,297,4,87,6,87,High,46,Visual,1,No"
"S00469,38,Female,Undergraduate,Cybersecurity,213,1,88,32,89,Medium,54,Kinesthetic,4,No"
"S00470,34,Male,Undergraduate,Machine Learning,80,4,35,3,85,Low,88,Auditory,3,No"
"S00471,37,Female,High School,Python Basics,315,1,71,11,94,Medium,47,Kinesthetic,1,No"
"S00472,30,Female,High School,Python Basics,390,1,44,20,83,Medium,94,Kinesthetic,3,No"
"S00473,34,Female,High School,Python Basics,111,4,82,6,40,High,75,Reading/Writing,2,No"
"S00474,24,Female,Postgraduate,Machine Learning,223,4,78,40,65,High,55,Visual,1,No"
"S00475,24,Male,Undergraduate,Python Basics,127,3,83,42,68,High,38,Reading/Writing,3,Yes"
"S00476,42,Male,Postgraduate,Web Development,201,4,60,9,73,Medium,45,Reading/Writing,5,No"
"S00477,39,Male,Undergraduate,Python Basics,417,3,34,31,95,Low,69,Reading/Writing,1,No"
"S00478,15,Female,High School,Web Development,218,4,46,33,56,High,52,Kinesthetic,5,No"
"S00479,29,Female,High School,Web Development,235,1,41,39,64,Medium,43,Kinesthetic,2,No"
"S00480,29,Female,Undergraduate,Data Science,311,2,96,21,90,High,79,Auditory,2,No"
"S00481,41,Male,Postgraduate,Cybersecurity,401,2,89,27,56,High,97,Reading/Writing,3,Yes"
"S00482,17,Male,High School,Machine Learning,117,1,99,35,98,Medium,91,Auditory,2,No"
"S00483,25,Female,Undergraduate,Web Development,57,2,48,49,54,High,91,Kinesthetic,1,No"
"S00484,44,Male,High School,Data Science,153,3,73,48,99,Medium,93,Reading/Writing,2,No"
"S00485,17,Male,Undergraduate,Web Development,60,2,63,45,79,Medium,90,Kinesthetic,1,No"
"S00486,39,Male,High School,Machine Learning,117,1,78,41,42,Medium,38,Auditory,1,No"
"S00487,19,Male,Undergraduate,Machine Learning,389,4,55,30,89,Low,46,Kinesthetic,1,No"
"S00488,28,Male,Undergraduate,Machine Learning,342,1,72,23,62,High,90,Auditory,1,No"
"S00489,42,Male,High School,Machine Learning,447,3,55,21,72,Medium,55,Visual,2,Yes"
"S00490,49,Male,Undergraduate,Machine Learning,291,4,44,14,57,High,76,Reading/Writing,2,No"
"S00491,47,Male,Undergraduate,Web Development,191,2,55,34,60,Medium,92,Visual,1,No"
"S00492,17,Male,High School,Machine Learning,320,3,65,34,51,High,79,Reading/Writing,1,No"
"S00493,29,Male,High School,Machine Learning,402,3,73,30,46,Medium,56,Auditory,3,No"
"S00494,35,Female,Postgraduate,Data Science,295,4,35,21,53,High,85,Kinesthetic,5,No"
"S00495,30,Female,High School,Data Science,316,2,91,9,64,High,47,Reading/Writing,5,No"
"S00496,30,Female,High School,Machine Learning,328,1,72,43,70,Low,50,Visual,2,No"
"S00497,31,Male,Undergraduate,Cybersecurity,439,2,90,28,91,Low,52,Auditory,1,Yes"
"S00498,37,Male,High School,Web Development,147,2,60,31,49,Medium,61,Reading/Writing,3,Yes"
"S00499,25,Female,Undergraduate,Cybersecurity,263,3,37,32,85,Low,65,Reading/Writing,1,No"
"S00500,35,Female,High School,Cybersecurity,18,2,90,23,87,Medium,81,Kinesthetic,5,No"
"S00501,26,Male,Undergraduate,Cybersecurity,62,3,81,41,98,High,53,Auditory,1,Yes"
"S00502,18,Male,Undergraduate,Web Development,144,4,77,4,61,Medium,60,Kinesthetic,2,No"
"S00503,26,Female,Undergraduate,Machine Learning,172,2,91,26,89,High,99,Kinesthetic,4,No"
"S00504,39,Male,Undergraduate,Machine Learning,355,1,82,42,60,Low,89,Kinesthetic,5,No"
"S00505,17,Male,Undergraduate,Cybersecurity,362,3,56,3,55,Medium,69,Reading/Writing,4,No"
"S00506,16,Male,Undergraduate,Data Science,487,4,69,40,47,Low,60,Reading/Writing,4,Yes"
"S00507,48,Male,Postgraduate,Data Science,284,4,54,24,93,Medium,55,Kinesthetic,4,No"
"S00508,34,Female,Postgraduate,Web Development,360,1,59,1,89,High,52,Reading/Writing,2,No"
"S00509,17,Female,Undergraduate,Machine Learning,411,4,55,23,57,High,80,Kinesthetic,2,No"
"S00510,29,Male,High School,Data Science,382,2,42,11,87,Medium,61,Auditory,2,Yes"
"S00511,24,Female,Undergraduate,Cybersecurity,479,4,79,5,89,Low,85,Auditory,3,No"
"S00512,23,Female,Postgraduate,Data Science,42,1,97,4,74,Low,86,Auditory,3,No"
"S00513,31,Female,Undergraduate,Python Basics,28,4,40,34,43,High,92,Kinesthetic,4,No"
"S00514,42,Female,Postgraduate,Machine Learning,12,1,51,24,46,Medium,33,Reading/Writing,3,No"
